{"cameraMode":{"drawMode":0,"name":"Shaded","section":"Shading Mode"},"sceneLighting":true,"audioPlay":false,"sceneViewState":{"m_AlwaysRefresh":false,"showFog":true,"showSkybox":true,"showFlares":true,"showImageEffects":true,"showParticleSystems":true,"showVisualEffectGraphs":true,"m_FxEnabled":true},"in2DMode":false,"pivot":{"x":1.605375051498413,"y":9.776752471923829,"z":26.85195541381836},"rotation":{"x":-0.1253470927476883,"y":0.011597010307013989,"z":0.001453628297895193,"w":0.9920549988746643},"size":14.008926391601563,"orthographic":false}